everybody says oh its my family im going to go see my brother im going to see my cousin and they think thats a safe wordview entire post ›|2020-06-25|1
httpsiredditt1po5w7ec2751png im becoming convinced that covid is not far from taking on the characteristics of gun violence the us will endure much higher persistent negative effects from something that other countries have solved well norm…|2020-06-25|2
‘it is our behaviors that are leading to these numbers gov gavin newsom said|2020-06-25|2
the virus doesnt care which party affiliation you might have lets place the blame where it belongs|2020-06-25|2
the us 25 million confirmed covid19 cases represent 25 of the worlds known ten million cases however cdc officials believe the actual number of americans infected with the virus may be slightly higherlike say 10x higher|2020-06-25|2
summer is here and with everyone staying at home as much as possible to prevent the spread of covid19 were imagining your plans for this july and august have more to do with tv listings than they did in years past luckily dozens of new and returning show…|2020-06-25|2
morristown njbusiness wiremajesco nasdaq mjco a global leader of cloud insurance software platform today announced agia inc completed its upgrade to majescos inspro pas and moved to the cloud running on aws agia is a technologically advance…|2020-06-25|1
with nascars conclusion of its own inquiry into why a noose was hanging in bubba wallaces garage at talladega we break down what happened and what the sport plans to do going forward to prevent similar incidents|2020-06-25|1
may was a busy month at digitalocean with a brand new data center and updates to many of our products here are the highlights|2020-05-27|2
as covid19 continues to expose fragilities across the globe the united nations has a “triple imperative” of helping countries respond safeguarding development gains and ensuring that recovery aligns with efforts to achieve greater wellbeing for people and…|2020-05-27|2
covid19 has sparked fear and panic across the world every day the news is reporting the number of individuals who have likely died from the infection true to the need to report negative news they are talking about the thousands who have died but not the…|2020-05-27|0
introduction the idea behind this post was to play and discover some of the info contained in the covid19 r package which collects data across several governmental sourcesthis package is being developed by the guidotti and ardia from covid19 data hub later…|2020-05-27|2
how the lockdown is helping us rediscover whatrsquos important|2020-05-27|2
your decisions now will determine how strongly you come out of the covid19 crisisand how well you perform in the next normal|2020-05-27|2
the novel coronavirus disease two thousand and nineteen covid19 has grown to be a global public health emergency since patients were first detected in wuhan china thus far no specific drugs or vaccines are available to cure the patients with covid19 infection the immune s…|2020-05-27|0
how researchers can tackle an “infodemic” of hearsay speculation and fake news|2020-05-27|0
decisions about the countrys research flagship will signpost national priorities|2020-05-27|2
by redirecting funding to small teams the country is betting on the creativity of its scientists|2020-05-27|2
congratulations on finishing exams and wrapping up the semester the hbs student covid19 task force wants to thank this entire community  students faculty and staff  for coming together to support each other and finding new ways to give back during these…|2020-05-27|2
following are un deputy secretarygeneral amina j mohammeds remarks to the fifth session of the economic and social council operational activities segment dialogue with the united nations sustainable development group chair and heads of entities — working…|2020-05-27|1
cansino and moderna are the first vaccine makers to report data on safety and neutralization but the extent of protection these products afford remains unclear|2020-05-28|2
cansino and moderna are the first vaccine makers to report data on safety and neutralization but the extent of protection these products afford remains unclear|2020-05-28|2
the rest of the world should worry too|2020-05-28|2
singtels financial report for the year ending this march have revealed net profit of just 754 million down 65 on the previous year this massive decrease marks the singaporean telcos weakest financial performance in over two decades…read more on totalt…|2020-05-28|1
may 28 2020daniel bicknell graduated from harvard kennedy school in may two thousand and twenty with a master in public policy degree a belfer international and global affairs student fellow he reflects here on his hks experience and upcoming plans|2020-05-28|1
may 28 2020bo julie crowley graduated in may two thousand and twenty with a master in public policy from harvard kennedy school a belfer international and global affairs student fellow she reflects here on special moments and experiences at hks|2020-05-28|2
contrary to what many americans think the death rate in america is about the same as in europe|2020-05-28|0
cansino and moderna are the first vaccine makers to report data on safety and neutralization but the extent of protection these products afford remains unclear|2020-05-28|2
cansino and moderna are the first vaccine makers to report data on safety and neutralization but the extent of protection these products afford remains unclear|2020-05-28|2
the rest of the world should worry too|2020-05-28|2
singtels financial report for the year ending this march have revealed net profit of just 754 million down 65 on the previous year this massive decrease marks the singaporean telcos weakest financial performance in over two decades…read more on totalt…|2020-05-28|1
may 28 2020daniel bicknell graduated from harvard kennedy school in may two thousand and twenty with a master in public policy degree a belfer international and global affairs student fellow he reflects here on his hks experience and upcoming plans|2020-05-28|1
may 28 2020bo julie crowley graduated in may two thousand and twenty with a master in public policy from harvard kennedy school a belfer international and global affairs student fellow she reflects here on special moments and experiences at hks|2020-05-28|2
contrary to what many americans think the death rate in america is about the same as in europe|2020-05-28|0
following are un secretarygeneral antónio guterres remarks to the highlevel event on financing for development in new york today|2020-05-28|2
the general assembly proclaimed nine september the international day to protect education from attack adopting a resolution that reaffirms the right to education for all and the importance of ensuring safe enabling learning environments in humanitarian emergen…|2020-05-28|2
salt lake city  thursday twentyeight may two thousand and twenty  on president russell m nelsons social media accounts president nelson and sister wendy w nelson share their feelings of reverence and gratitude for the holy sacrament they describe their personal experience in par…|2020-05-28|2
a new report looks at the impact of new money in an old industryand what it means for incumbents startups and investors in last mile delivery|2020-05-28|2
i find myself saying this quite often these days operating under this next normal whether i am having work or personal conversations i continue to challenge myself to find it sure i have my good days and bad days like everyone else but the good news is …|2020-05-28|2
goldapiio is a free gold prices api and silver prices restful json api live feed and daily historical precious metals spot prices  rates from comex  lbma date updated 20200528 tags financial|2020-05-28|2
according to a reuters poll of economists released on wednesday the global economy will shrink by 32 this year|2020-05-28|0
high levels of economic activity can foster the spread of communicable diseases through frequent persontoperson interactions this column discusses how research on high levels of employment affects the spread of influenza and other viruses transmitted via …|2020-05-28|2
nan|2020-05-28|2
in this instalment of our series dear diary in a time of covid19 sima chowdhury tells us about fighting to see her mother in hospital who ultimately made the decision she would be better off at home|2020-05-28|2
gentry county has gone from three covid19 cases a week ago to now having twentyone active cases as of wednesday along with reporting its first covid19 death|2020-05-28|2
ireland international eager to help fc cologne face wolfsburg in relegation battle|2020-05-28|0
has covid accelerated the future of work this column argues that covid has changed the future of work via four shocks massive job losses massive digital transformations massive debt burdens and massive costs of socially distanced office space these matt…|2020-05-29|0
auckland council leaves no area unscathed as it makes large scale cuts to bridge a 525million gap caused by impact of covid19|2020-05-29|2
request for €20 rise during crisis from forty organisations is rejected|2020-05-29|1
i suspect many teachers are recoiling from the phrase “the new normal” there is nothing normal about remote teaching and the idea that it can become a longterm replacement for the classroom or lecture hall is anathema to most in education also worrying is …|2020-05-29|2
to navigate pandemic tradeoffs policymakers need syntheses|2020-05-29|2
serology surveys from hardhit cities indicate that many fewer people have been infected than would be needed to slow but not stop the coronavirus plus black holes lead to the discovery of a basic link between entropy and energy and why renaissance paint…|2020-05-29|1
a study that suggested treatment with the malaria drug could be dangerous to people with coronavirus has slowed clinical trials — but the study itself has also been questioned|2020-05-29|0
abdelrahman y fouda shares six things he learnt from interviewing online|2020-05-29|2
here the authors sample air and surfaces in hospital rooms of covid19 patients detect sarscov2 rna in air samples of two of three tested airborne infection isolation rooms and find surface contamination in 667 of tested rooms during the first week of …|2020-05-29|0
amid volatile agriculture commodity prices advanced analytics can help overcome cognitive biases that can lead managers to make irrational riskmanagement decisions|2020-05-29|2
how the covid19 crisis can catalyze change across the continent|2020-05-29|2
following are un secretarygeneral antónio guterres remarks at the military gender advocate award and dag hammarskjöld medal ceremony in new york today|2020-05-29|2
racing points planned rebirth as aston martin is still on regardless of the ongoing chaos wrought by the coronavirus pandemic in fact as stuart codling explains team owner lawrence stroll has taken advantage of plunging stock markets to drive a better de…|2020-05-29|0
racing points planned rebirth as aston martin is still on regardless of the ongoing chaos wrought by the coronavirus pandemic in fact as stuart codling explains team owner lawrence stroll has taken advantage of plunging stock markets to drive a better de…|2020-05-29|0
strapi is an open source nodejs headless content management system cms the strapi graphql api is a plug in to the rest api which enables users to query content entries via graphql endpoints strapi provides a shadow crud feature to automatically generate…|2020-05-29|2
a new approach can help industrials gain greater visibility into performance and capture lasting gains|2020-05-29|2
the scale of the current crisis in airlines is unprecedented to recover the industry will need better data on where and when demand is likely to rebound|2020-05-29|0
app developers know how time consuming it is to implement inapp purchases the right way their iosandroid mobile application weve been there at iaphub we develop the tools for these folks to spend their precious time on their app instead receipt validati…|2020-05-30|2
cut by wolfgang puck mott 32 and more favorite restaurants reopen|2020-05-30|2
opinion noone knows what lasting impact covid19 will have which means its time to listen|2020-05-30|2
below are experts from the profnet network who are available to discuss timely issues in your coverage area|2020-05-30|2
the covid19 crisis has hit womens employment particularly hard partly because the worsthit sectors have high female employment shares but also because schools and daycare closures have forced more mothers to leave their jobs this column looks at germany…|2020-05-30|2
nonperforming loans are a crucial policy consideration especially in times of wider economic crisis this article uses a new database covering eightyeight banking crises since one thousand nine hundred and ninety to draw lessons for postcovid19 resolution of nonperforming loans compared to th…|2020-05-30|2
as debates about the future of the world health organization rage on the covid19 pandemic is a reminder of the vital importance of global public health institutions this column considers what principles should guide whos missions and tools to deal with pa…|2020-05-30|2
covid19 is recalibrating urban living but capitals endure as exciting laboratories|2020-05-30|2
as reported in bioweapon labs must be shut down and scientists prosecuted theres mounting evidence suggesting sarscov2 may have been leaked whether inadvertently or not from the biosafety level bsl four laboratory in wuhan china secretary of state a…|2020-05-30|2
cities rise and fall but the city has a way of confounding its wouldbe obituarists futurists thought digital communications would kill off urban living the growth of the suburbs threatened to hollow out the centre the 911 attacks were presumed by many t…|2020-05-30|2
two hundred and fortythree pregnant women some of them close to their due dates were among three hundred and fortythree vietnamese citizens repatriated from taiwan friday|2020-05-30|0
an amherst company has created a program aimed to connect small businesses with other small businesses who may need a helping hand|2020-05-30|2
salt lake city  saturday thirty may two thousand and twenty  a small handful of members of the church of jesus christ of latterday saints gathered on the overcast 40degree morning of may 23 2020 to break ground for the layton utah temple the group was limited in size becau…|2020-05-30|2
the mayor of dayton ohio on how badly americas cities need a bailout and how painful the impact could be if they dont get one|2020-05-30|0
nan|2020-05-30|2
new york may 29 two thousand and twenty prnewswire  below are experts from the profnet network who are available to discuss timely issues in your coverage area you can also submit a query to the hundreds of thousands of experts in our network – its easy and free just f…|2020-05-30|2
search over two million recipes try for free our features like suggest search profile related recipe review explore and more… date updated 20200530 tags food|2020-05-30|2
india news new delhi india reported the highest singleday rise in covid19 cases as well as deaths with over 7700 new infections detected and two hundred and seventy fatalities |2020-05-29|2
going stircrazy in quarantine youre not alone heres what kathy griffin is up to right now from making smoothies to writing jared kushner jokes|2020-05-29|2
the covid19 pandemic is causing serious financial problems for uk universities this column identifies the overreliance on chinese students for fee income as the main cause of the impact and considers what steps the government might take to support universi…|2020-05-31|2
heres how things stack up in a metrictometric comparison of the two 3d printing companies q1 results|2020-05-31|2
letters from lockdown david brophys unsung heroes meitheal na mban alex rider|2020-05-31|0
dr mercola interviews the experts this article is part of a weekly series in which dr mercola interviews various experts on a variety of health issues to see more expert interviews click here robert f kennedy jr1 son of sen and attorney general …|2020-05-31|1
it is argued that covid19 will reverse the ongoing trend of challenging the value of science and the integrity of scientists this column shows that exposure to epidemics in ones country of residence during the ‘impressionable years of ages eighteen to twentyfive has no…|2020-05-31|2
in this interview i interview three vitamin d experts about the importance of vitamin d for improving your immune function and resistance to viral infections of all kinds including covid19 bruce hollis phd with the medical university of south carolina…|2020-05-31|0
as museums reopen fewer people will be able to see their treasures|2020-05-31|1
as new hampshires beaches get ready to open monday with pandemic protocols my mind is on the slopes and the last networking event i attended|2020-05-31|2
two thousand and twenty is not only a cursed year it is the cursed year death arrived with the spring breeze in the form of the invisible coronavirus covid19 as humans inhale them they hijack the body replicate and drown their host ravaging them until they drop like fli…|2020-05-31|2
looks like were going to get a full dose of government this week some good but mostly bad|2020-05-31|2
regulatory market participants like the securities and exchange commission sec and public market exchanges like the nasdaq and nyse house information thats necessary for investors however writing code to integrate with and synchronize data with these ent…|2020-05-31|2
two rocky mount police department employees have filed federal discrimination complaints in a continuing dispute centered on the towns police chief their attorney said|2020-05-31|2
the public health measures to ‘flatten the covid19 curve will necessarily and appropriately impose large economic costs this column taken from a voxeu ebook identifies the constraints that policy faces during a pandemic – uncertainty time and capacity …|2020-05-31|2
thousands of workers rallied saturday outside the renault factory in northern france to protest the automakers decision to cut 15000 jobs worldwide including 4600 in france unions said 8000 people took part in the protest at the maubeuge subsidiary over…|2020-05-30|2
the dying vivacity within the tattoo shop was indicative of the impending shutdown the shop voluntarily closed their doors two days later|2020-05-30|1
seattle mayor jenny durkan announced a citywide curfew from 500 pm to 500 am for saturday and sunday may thirty and thirtyone after chaos broke out downtown|2020-05-30|0
roanoke city council|2020-06-01|2
good morning its june 1 2020 a monday morning perhaps like no other in the history of our republic a hundred cities waking up to broken glass on the sidewalks burnedout buildings vulgar and threatening graffiti sprayed on buildings and streets all th…|2020-06-01|2
an ebola outbreak has been identified in the democratic republic of the congos western equateur province the health ministry has identified six cases including four people who have died the world health organization has staff in mbandaka the main city …|2020-06-01|2
dillon — restaurants across the state were allowed to open at 50 capacity on wednesday may 27 in a step toward the reopening process after the full covid19 shutdown dining establishments throughout summit county opened their patios and half of their rest…|2020-06-01|2
as the number of people who have died from covid19 rises more widespread testing reveals the infection may have moved farther and faster than was anticipated the centers for disease control and prevention recently released five planning scenarios1 designe…|2020-06-01|2
scientists are investigating the risk that infected animals might spark new outbreaks plus the oldest land animal ever found and why universities will never be the same after the pandemic|2020-06-01|2
we are already in a period of massive digital disruption driven by largescale automation hyperconnectivity and continuallychanging customer expectations add to the mix the farreaching impact of the recent covid19 crisis and its no real surprise to d…|2020-06-01|2
the fundraising megawalk will be held in new plymouth from 2021|2020-06-01|2
the covid19 crisis looks set to accelerate an overdue transformation of the worldrsquos largest ecosystem we expect nine shifts to radically change the construction value chain and offer a blueprint for the next normal ahead|2020-06-01|2
nan|2020-06-01|2
nan|2020-06-01|2
join finextra with payments experts from aci worldwide and microsoft to explore how banks can leverage the public cloud to modernize consumer payments|2020-06-01|1
time itself seemed to slow as the disease spread and millions of americans selfisolated creating a threemonth monotony of press conferences and public health warnings that ended with the same directive stay at home to slow the spread of covid19 when the…|2020-06-01|2
america is burning but thats how forests grow so spoke massachusetts attorney general maura healey riots are an integral part of the countrys march towards progress so read a nowdeleted tweet from the democratic committee of fairfax county virgini…|2020-06-01|2
as scientists around the world return to work theyre encountering new safety rules and awkward restrictions — and sometimes writing the protocols themselves|2020-06-01|2
the pandemic has exacerbated tension between church and state and between religious figures in many places|2020-06-01|2
elinore mccancekatz is of two minds but singular purpose an epidemiologist and a boardcertified psychiatrist she says her training is why she thinks a little differently about things than other people she also talks a little differently her bedside ma…|2020-06-01|1
new evidence shows that the shutdowns caused by covid19 could exacerbate existing achievement gaps|2020-06-01|2
the rapyd payments api provides a way to manage transactions in the rapyd payments service the api includes methods to collect payments disburse funds manage rapyd wallets and more use the api to initiate and track payments transfer money from a rapyd wa…|2020-06-02|2
discover the worlds best science and medicine  naturecom|2020-06-02|2
on may 1 2020 we published cardiovascular disease drug therapy and mortality in covid19 a study of the effect of preexisting treatment with angiotensinconverting enzyme ace inhibitors and angiotensinreceptor blockers arbs on covid19 this retro…|2020-06-02|2
virtual meetings are becoming the norm under covid19 and winning over many researchers part three in a series on science after the pandemic|2020-06-02|2
the quttera website malware scanner api provides developers with a restful interface to qutteras web investigation system data the api allow a 3rd party application to run a realtime scan of a domain via http requests the scanner covers malware suspiciou…|2020-06-02|2
the iaphub api supports eventbased notifications by enabling webhooks this api implements api key authentication iaphub enables inapp purchases sales analytics customer management tools and ab testing iaphub offers services to increase and monitor sa…|2020-06-02|2
following are un secretarygeneral antónio guterres remarks to the yemen pledging conference in new york today|2020-06-02|2
financial crises could spell trouble for science budgets but spending could surge in some countries part two in a series on science after the pandemic|2020-06-02|2
virtual meetings are becoming the norm under covid19 and winning over many researchers part three in a series on science after the pandemic|2020-06-02|2
discover the worlds best science and medicine  naturecom|2020-06-02|2
the company is treating a moral issue as if its a legal one|2020-06-02|2
why have republican leaders abandoned their principles in support of an immoral and dangerous president|2020-06-02|2
advice services report doubling of calls from people concerned about employer actions|2020-06-02|1
europes longestserving leader faces an olympian test of her eye for detail|2020-06-02|2
the nevada state athletic commission was happy with the ufcs performance at ufc on espn 9|2020-06-02|2
worries about the impact of covid19 on pregnant mothers and their offspring are widespread as a comparison the spanish flu pandemic had devastating health impacts on pregnant mothers and inutero exposure to influenza is known to have negative short and …|2020-06-02|2
we see more and more agencies preparing for life after the pandemic by establishing practices and offshoots dedicated to postvirus communication and strategy we asked m group chief jay morakis to dive into the thinking behind establishing such a practice …|2020-06-02|2
the cansino and moderna vaccines are strikingly different and the companies have taken very different approaches when announcing their results plus dozens of mammoths found under the new mexico city airport and how the pandemic will make or break research f…|2020-06-02|2
womens unemployment has risen by more than mens|2020-06-02|2
coronavirus has delayed climate talks by a year but the planet doesnt have extra time so action on global warming cannot be postponed|2020-06-02|1
missouri reported eight additional deaths illinois 113|2020-06-03|2
as lockdown measures continue or are relaxed only gradually many small businesses continue to experience significantly reduced turnover this column reports on a firmlevel analysis across sixteen emerging markets and three western european comparator countries…|2020-06-03|0
french operator bouygues telecom has officially requested that the nations 5g auction be delayed by six months the official request comes just a week after group ceo martin bouygues penned an article recommending that the process does not proceed until…|2020-06-03|1
on thirtyone may 2020 who received information that between eighteen and thirty may four deaths were reported from the same quarter quartier air congo in wangata health zone mbandaka city equateur province the democratic republic of the congo|2020-06-03|2
author correction caring for patients with cancer in the covid19 era|2020-06-03|2
the secretarygeneral welcomed the agreement between representatives of the government of venezuela and the advisory team of the national assembly on responding to covid19 he encouraged parties to respect humanitarian principles in implementing the accord …|2020-06-03|2
as if our two thousand and twenty wasnt challenging enough we are now confronted by another crisis that we must address we are all feeling a lot of pain anger frustration sadness and yes fear especially because with respect to race relations in the us the progress f…|2020-06-03|2
following are un secretarygeneral antónio guterres remarks to the extraordinary intersessional summit of the organization of african caribbean and pacific states in new york today|2020-06-03|2
we understand that some people are citing our perspective article published on april one at nejmorg as support for discrediting widespread masking in truth the intent of our article was to push for more masking not less it is apparent that many people wi…|2020-06-03|0
recessions thrust a number of unfair challenges upon small businesses while business owners cant fix the larger problems that sparked the economic downturn they can still take action to push their organizations forward in this course instructor jay clous…|2020-06-03|2
insufficient sarscov2 testing has left many nations flying blind as they reopen their economies without adequate testing new infections could outrun control measures|2020-06-03|2
in mckinseys health system financial resilience survey cfos and finance executives of health systems indicated that they are expecting a dramatic impact on both operating margin and cash flow|2020-06-03|2
companies in china that acted swiftly and decisively are likely to emerge stronger out of the covid19 crisis and will be better prepared to withstand the next major disruption|2020-06-03|2
corporations in asia have grown in scale but lag behind the global average on profits and the covid19 crisis poses new challenges|2020-06-03|2
the economic and social council held its two thousand and twenty management segment via videoconference today hearing the introduction of reports from its subsidiary bodies and four resolutions and seven decisions contained therein to be adopted by the silence procedure at a …|2020-06-03|1
in march 2020 when many us states and localities issued their first emergency orders to address covid19 there was widespread acceptance of the governments legal authority to respond quickly and aggressively to this unprecedented crisis today that acce…|2020-06-03|2
researchers expect longterm changes that reduce travel for work and conferences part six in a series on science after the pandemic|2020-06-04|2
remote clinical trials and other changes could permanently alter pharmaceutical development part seven in a series on science after the pandemic|2020-06-04|2
nothing will pay more dividends in the long run than serving as trusted advisors and guiding clients through the months ahead financial advice has never been more important|2020-06-04|2
unified and secure way to use s3 azure and google cloud object storage with the additional security provided by sharding scattering perslice encryption and blockchaininspired keycipher management to use this api you also need to signup  free trial …|2020-06-04|2
in bangladesh the office of the united nations high commissioner for refugees unhcr confirmed today that a 71yearold rohingya man is the first refugee in the coxs bazar camp to die from covid19 and some thirty other people have tested positive so far yet …|2020-06-04|2
i was cynical at first but its proved a powerful tool says ellen j wehrens|2020-06-04|2
nan|2020-06-04|2
incognia api provides technology to understand user behavior and location patterns based on network signals the service can detect physical places visited by users with the purpose to protect from mobile fraud it provides a way to use location behavior for…|2020-06-04|2
understanding the biochemical interplay between virus and cell could help identify new ways to tackle coronavirus|2020-06-04|1
there are many welldocumented medical benefits to tea consumption but during coronavirus shutdowns the psychological benefits of a scheduled tea time with family are also significant in the uk afternoon tea traditionally served in the family room o…|2020-06-04|0
the uks two thousand and eight climate change act has led to a 34 fall in co2 emissions by 2019 while real gdp per capita had risen by more than 10 following the crash into the ‘great recession can the uk achieve its recent netzero emissions target by two thousand and fifty while still g…|2020-06-04|0
the health costs of the covid19 pandemic are considerable and the economic and social costs of lockdown policies are even larger this column calls for an innovative mechanism to foster the development of a vaccine against covid19 governments would commit…|2020-06-04|0
us politics sowing disunity at home is a bad tactic for a president seeking a winnable showdown abroad|2020-06-04|2
realtime listings help researchers keep track of ballooning numbers of accessible talks|2020-06-04|1
the european central bank ecb is the central bank of the nineteen european union countries which have adopted the euro our main task is to maintain price stability in the euro area and so preserve the purchasing power of the single currency|2020-06-04|2
trump did not kill george floyd but he has fanned the politics of white supremacy and sanctioned the humiliation of black americans it is this assault on floyds dignity as well as his person that has provoked the most serious challenge yet to trumps pre…|2020-06-05|1
many of the secrets uncovered werent particularly significant or indeed very secret in themselves they dont explain the degree of rage wikileaks provoked in the us government and its allies this was a response to julian assanges assault on their monopoly…|2020-06-05|0
scientists return to work and an uncertain future plus the months most spectacular science images and a call for a sea change in ocean data|2020-06-05|0
the sort of city government rahm emanuel champions has only been made possible because the nationstate now exists to shoulder much of the burden of warfare and finance it is one of the luxuries of the modern age mayors get to do buttigiegstyle bijou polit…|2020-06-05|2
retracted studies had relied on healthrecord analyses from a company that declined to share its raw data for an audit|2020-06-05|2
by karen guzman the chief executive leadership institutes mayors college and ceo summit long planned for june 3 went on as planned but in a new format—an online discussion open to the public—and with a new theme racism and the civil unrest sweeping the …|2020-06-05|2
san francisco june 4 two thousand and twenty prnewswire  the first class action lawsuit was filed today on behalf of the more than 2800 passengers negligently exposed to covid19 on the princess cruise lines grand princess cruise from san francisco to mexico from februar…|2020-06-05|2
i awake saturday morning awaiting me is a team text from shana about ig i lie there lamenting my lack of sleep i rub my quarantine food baby and think about danielles upcoming postpartum post i speak with shana about said ig post i check the news again…|2020-06-05|2
salt lake city  friday five june two thousand and twenty  the church of jesus christ of latterday saints has released information regarding the groundbreaking date for the salta argentina temple|2020-06-05|2
hear the latest science from the coronavirus pandemic|2020-06-05|0
the covid19 pandemic has broadly impacted biomedical research and health care here we discuss current challenges for the cancer research community as they apply to early career investigators ecis we propose a series of collaborative initiatives aimed to …|2020-06-05|2
the question remains how many jobs have gone for good|2020-06-05|2
concerns persist that covid19 vaccines could cause antibodydependent enhancement which can potentiate viral entry into host cells and worsen disease|2020-06-05|2
concerns persist that covid19 vaccines could cause antibodydependent enhancement which can potentiate viral entry into host cells and worsen disease|2020-06-05|2
as cities end coronavirus lockdowns publictransit authorities will need ways to increase ridership—safely early attempts in some european cities can offer lessons to those elsewhere in europe|2020-06-05|1
hotels and airlines will need protocols to ensure their clientele is potentially okay just as travellers will examine holiday escapes in minute detail|2020-06-06|0
loss carryback rules are fine in theory but arent as straightforward as they may seem|2020-06-06|2
we are all keynesians now with governments around the world shovelling cash into their economies to try to at least partially offset the economic damage of lockdowns even uberprudent germany has engaged in an extraordinary spending spree first to support b…|2020-06-06|2
nan|2020-06-06|2
nan|2020-06-06|2
visitors to national parks must now make reservations before entering the ministry of natural resources and environment says|2020-06-06|2
st marys centre on merrion road says covid19 has had no bearing on decision|2020-06-06|2
in this instalment of our series deary diary in a time of covid19 isabella lopez rivadeneira tells us about coding and building robots during the covid19 pandemic|2020-06-06|2
dana white media scrum video ahead of the ufc two hundred and fifty event on june six via espn ppv from inside ufc apex in las vegas nevada|2020-06-06|2
reopening universities for the autumn term will be risky for individuals health and safety this column describes the latest epidemiological evidence and argues that the biggest influence on individuals risk of severe illness is age individuals in their si…|2020-06-06|2
cabinet meetings gave ministers a sense of ownership and brought cohesion to plan|2020-06-06|2
the spread of coronavirus disease two thousand and nineteen covid19 continues to grow exponentially in most countries posing an unprecedented burden on the healthcare sector and the world economy previous respiratory virus outbreaks such as severe acute respiratory syndrome…|2020-06-06|2
the prospect that bcg – a vaccine used primarily against tuberculosis – might offer protection from covid19 has become an understandably popular hypothesis this column finds that hope misplaced the authors exploit a natural experiment overlaying the large…|2020-06-06|2
the behavioural interventions to control the spread of covid19 present tradeoffs between health and wealth to be successful an understanding of how the public currently values lives over economic loss is needed a survey experiment in the us and uk finds …|2020-06-06|2
vitamin c a watersoluble vitamin found in abundance in fruits and vegetables is an essential nutrient that humans must get from their diet or supplements also known as ascorbic acid vitamin c is perhaps most wellknown for its antioxidant properties — pr…|2020-06-06|2
hospitals are already struggling to cope|2020-06-06|2
lifting of coronavirus restrictions speeds up with effective end date of july 20th|2020-06-06|0
during an organ transplant physicians use the healthy organs and tissues from one individual and transplant them into another in 2018 there were 36527 organ transplants in the us which set a record for the sixth straight year in a row1 the total numbe…|2020-06-06|2
roanoke county is searching for at least three dozen more people to work polling places for the june twentythree primary election after volunteers dropped out due to covid19 health concerns|2020-06-07|2
matiu walters spoke candidly in an interview about the business side of the bands career|2020-06-07|2
in this instalment of our series dear diary in a time of covid19 madeline ell tells us about leaving canada during a pandemic what quarantine looks like in abu dhabi and why covid19 is making her feel more canadian than ever|2020-06-07|2
daniel odonnell david gray sex in lockdown love in isolation artemis fowl|2020-06-07|0
many governments are slowly unwinding their economies from nationwide lockdowns however reopening the economy entails a serious tradeoff between fostering economic output and keeping the spread of infection low this column reports several reopening scen…|2020-06-07|2
the effects of the covid19 lockdowns have been severe worldwide although most activities were reopened in may italian gdp is expected to drop by around 10 in 2020 this column argues that a targeted exit from the lockdown in italy could have been implemen…|2020-06-07|0
barbara loe fisher is the cofounder and president of the national vaccine information center nvic which is the oldest and largest consumerled nonprofit organization in the us providing accurate and objective information to prevent vaccine injuries and …|2020-06-07|2
dr mercola interviews the experts this article is part of a weekly series in which dr mercola interviews various experts on a variety of health issues to see more expert interviews click here in this interview dave asprey a silicon valley entrepre…|2020-06-07|2
the office of the basic education commission obec on saturday promised students entering mathayom one and mathayom four levels will have seats at some schools for the new semester despite national examinations being delayed for more than two months because of th…|2020-06-07|2
compared to last year when many tens of thousands came to the northern french beaches of normandy to cheer the dwindling number of veterans and celebrate threequarters of a century of liberation from nazi oppression the covid19 pandemic and subsequent res…|2020-06-06|2
seven bay area counties report more than a dozen new covid19 cases with alameda county reporting the highest increase with eighty additional cases|2020-06-06|2
temyia​ taiaroa​ is proud to be a third generation jockey|2020-06-06|2
investors express a range of views at any given time about asset prices and the future but whether your lens is bullish or bearish it pays to retain a healthy sense of scepticism — particularly given |2020-06-06|0
trendhuntercom the june two thousand and twenty world trends explore a new way of living and adapting to the new normal to live through the threat of covid19 and what is to follow after many brands are catering to an altered way|2020-06-06|2
two hundred and sixtyfive new covid19 cases eight new deaths reported saturday in mississippi wlox|2020-06-06|2
kate langbroeks son artie was rushed to hospital in italy on saturday|2020-06-06|1
california governor gavin newsom announced a plan last friday for the reopening of film and television production in the state as part of a larger announcement about the current phase of californias reopening plans the state department of public health re…|2020-06-06|2
canada now has more than 95000 coronavirus cases — more than 34k are activeglobalnewsca|2020-06-06|0
canada now has more than 95000 coronavirus cases — more than 34k are active msn canadaview full coverage on google news|2020-06-06|2
thousands of people pack victoria park for black lives matter rally ctv news londonview full coverage on google news|2020-06-06|1
nan|2020-06-08|2
covid19 has disrupted scientific productivity in unquantifiable ways unquestionably the biggest disruption has been felt by junior faculty however these bright young minds do not have to be sacrificed|2020-06-08|2
the pandemic has forced the adoption of new ways of working organizations must reimagine their work and the role of offices in creating safe productive and enjoyable jobs and lives for employees|2020-06-08|2
the unrest in america has cheered its foes and globalised the struggle against racism|2020-06-08|2
posted by ofx aud  australian dollar the australian dollar opens 036 higher from fridays open opening this morning at 06968 after touching fresh june highs of 07012 despite a stronger than expected unemployment report out of the us friday started in r…|2020-06-08|2
may 31 2020 i posted an interview with three vitamin d experts in which we discuss the importance of vitamin d for preventing covid19 infection a few days earlier may 27 cnn published a report1 that could have deadly consequences if believed claiming t…|2020-06-08|2
the body of scientific evidence demonstrating the medicinal value of cannabis continues to grow and become more compelling your body makes its own cannabinoids that interact with the receptors in your brain lungs liver kidneys immune system and other org…|2020-06-08|2
that immigrants have been singled out as diseasecarriers is not surprising given the long ugly history of epidemics being associated with migration|2020-06-08|2
targeting policy responses to covid nineteen appropriately is important but requires information such as which groups in society are most affected by the pandemic this column uses data on covid19 infections and mortality for small local areas in england and wale…|2020-06-08|2
contracttracing and risktracing technologies could help ease the ‘health–wealth tradeoff confronting many countries in the wake of covid19 but privacy and security concerns are preventing such technologies from being widely adopted this column suggests…|2020-06-08|2
the d3js visualization library can be used for creating beautiful graphs and visualizations using data from external sources including csv files and json data httpswwwyoutubecomwatchvse7o9jvxbee to give you an example this d3js animation…|2020-06-08|2
influential model judged reproducible — although software engineers called its code horrible and a buggy mess|2020-06-08|2
the contribution of partners and families to scientists work is often overlooked it should be acknowledged and supported more|2020-06-08|2
the german administration has just released their €130 billion economic stimulus package the most prominent measure of which is an unconventional fiscal policy in the form a sudden drop in vat the aim is to create a future path of increasing sales taxes by …|2020-06-08|0
face coverings may have the order of the day at foxboro high schools 145th commencement exercises on sunday — at least for everyone but graduates and their immediate families|2020-06-08|0
the easing of restrictions brought in to contain the spread of covid19 has been accelerated with what has been termed phase 2 beginning today heres what you need to know about the changes|2020-06-08|2
this post really is offtopic it seemed that two thousand and twenty started to get a good year live was kind of normal and i was looking forward to the upcoming events but life wouldnt be life if there where no changes and challenges|2020-06-08|2
the scientific community should agree on the essential information to be provided when pulling a paper from the scientific literature|2020-06-08|2
concerns are growing that the covid19 crisis could be exploited by populists claiming to be the voice of those who have been ‘left behind this column presents a new framework which could help shed light on the relationship between sustainable development a…|2020-06-09|2
analysis of past recoveries shows a lowcarbon reboot matters more for climate than does the brief emissions crash|2020-06-09|2
analysis of past recoveries shows a lowcarbon reboot matters more for climate than does the brief emissions crash|2020-06-09|2
discover the worlds best science and medicine  naturecom|2020-06-09|2
ibm will no longer sell “general purpose” facialrecognition technology black scientists call out racism in the wake of police killings and the latest mustread papers and preprints on covid19|2020-06-09|2
if the current chemicals used for alshabaabs homemade explosives become scarce the group would shift to other sources of explosive materials or precursors possibly through illicit smuggling the chair of the security council committee pursuant to resoluti…|2020-06-09|2
ireland is facing a “tsunami” of mental health problems due to the coronavirus pandemic with early indications showing an increase in suicide and selfharm health experts warn data collection on suicides by irish hospitals were suspended as a result of th…|2020-06-09|0
real estate agents adapting as they feel the impact of covid19|2020-06-09|2
posted by ofx aud  australian dollar the australian dollar extended its recent upturn consolidating a break above 070 us cents on monday equity markets and a sustained risk on move dragged the currency higher while broad based us dollar weakness helped m…|2020-06-09|2
what happens when facts face personal political and commercial pressures a book on the workings of science explores|2020-06-09|0
discover the worlds best science and medicine  naturecom|2020-06-09|2
developers hope that tools for processing natural language will help biomedical researchers and clinicians to find the covid19 papers that they need|2020-06-09|2
health experts warn of increase in suicide and selfharm due to coronavirus|2020-06-09|0
genomic search for covid19 severity clues|2020-06-09|2
the european central bank ecb is the central bank of the nineteen european union countries which have adopted the euro our main task is to maintain price stability in the euro area and so preserve the purchasing power of the single currency|2020-06-09|2
nature commits to working to end antiblack practices in research|2020-06-09|0
in times of crisis humans have a tendency to turn to religion for comfort and explanation the covid19 pandemic is no exception using daily data on google searches for ninetyfive countries this column demonstrates that the covid19 crisis has increased google sea…|2020-06-09|2
salt lake city  wednesday ten june two thousand and twenty  the tabernacle choir at temple square will begin a live stream organ recital series from the salt lake tabernacle on temple square later this month|2020-06-10|2
discover the worlds best science and medicine  naturecom|2020-06-10|2
following are un secretarygeneral antónio guterres remarks as prepared for delivery to the extraordinary meeting of the global investors for sustainable development alliance in new york today|2020-06-10|2
chip ganassi racing dominated the first race of indycars new aeroscreen era at texas in a race held in front of empty grandstands with scott dixon taking a controlled victory heres how the main subplots unfolded|2020-06-10|2
discover the worlds best science and medicine  naturecom|2020-06-10|2
discover the worlds best science and medicine  naturecom|2020-06-10|2
the prosecutor of the international criminal court urged the security council and wider international community to encourage sudan to do more to help bring darfur war crimes suspects to justice during a ten june videoconference meeting that took place a day a…|2020-06-10|0
canada has thousands of qualified doctors and nurses who could help our strained health system now and in the future – but theyre stuck on the sidelines|2020-06-10|0
the european central bank ecb is the central bank of the nineteen european union countries which have adopted the euro our main task is to maintain price stability in the euro area and so preserve the purchasing power of the single currency|2020-06-10|2
the zensports api is programmatic access to zensports services that allow you to retrieve data about zensports balances retrieves data about supported currencies retrieves a list of orders accepts a specific bet and more requests to the api require a tok…|2020-06-10|2
addressing covid19 only scratches the surface of what biological innovation can do write michael chui and matthias evers in project syndicate|2020-06-10|2
organizations are facing a set of unique challenges as they make decisions about selling general and administrative activities how are leaders dealing with them|2020-06-10|2
because prison visits and social mingling have been curtailed recently as part of covid19 precautions the new york city department of corrections have decided to buy five thousand five hundred handheld gaming machines at a cost of us15 22 each to try and give inmates at the …|2020-06-10|2
because prison visits and social mingling have been curtailed recently as part of covid19 precautions the new york city department of corrections have decided to buy five thousand five hundred handheld gaming machines at a cost of 15 each to try and give inmates at the citys p…|2020-06-10|2
a quarter of all rural us hospitals most of which are highly essential to their communities are at high risk of closing closures of rural hospitals may increase transportation time and delay treatment this column examines hospital closures in california f…|2020-06-10|2
reducing social contacts can slow the spread of covid19 this column examines mobility patterns across us counties between midfebruary and midmay 2020 it finds that reductions in mobility differed across counties and that communitylevel social capital c…|2020-06-10|2
hallenstein glasson holdings remains tippedlipped on any plans to close stores in its womens and menswear retail chains the nzxlisted retailer which operates hallenstein brothers and glassons stores |2020-06-10|2
stags player scott eade is shining a spotlight on southland rugby as the skipper of a new podcast which has quickly attracted a strong fan following|2020-06-10|2
google reviews api is designed to provide you with the google reviews data date updated 20200611 tags seo ecommerce  marketing  search|2020-06-11|2
catch up on the status of the more than one hundred and thirtyfive vaccines in development against the sarscov2 virus ponder the biology and physics of free will and learn how scientists helped win the battle over evolution in us classrooms|2020-06-11|2
oil prices have seen an unprecedented rebound in the past two months but the market isnt in the clear just yet|2020-06-11|0
the nationwide protests against police brutality and systemic racism have caused many longstanding american institutions to look inward and figure out how they can do the bare minimum to support the cause the marines have ordered the removal of confederate …|2020-06-11|0
research lives shubhangi kakkar successful phd candidate sfi research centre for pharmaceuticals bernal institute university of limerick|2020-06-11|0
once hertz declared bankruptcy the rental car company pushed a ton of their inventory onto the used car market while some industry experts predicted this would cause a blow to used car values prices have started to stabilize a little but according to isee…|2020-06-11|2
the european central bank ecb is the central bank of the nineteen european union countries which have adopted the euro our main task is to maintain price stability in the euro area and so preserve the purchasing power of the single currency|2020-06-11|2
the continuing spread of sarscov2 remains a public health emergency of international concern what physicians need to know about transmission diagnosis and treatment of covid19 is the subject of ongoing updates from infectious disease experts at the jour…|2020-06-11|2
to rapidly communicate short reports of innovative responses to covid19 around the world along with a range of current thinking on policy and strategy relevant to the pandemic the journal has initiated the covid19 notes series the first person with confi…|2020-06-11|2
few will mourn pierre nkurunziza whose regime murdered and tortured opponents|2020-06-11|2
pspan stylefontsize largestrongbusiness continuity has never been a more valuable asset for financial institutionsstrongspanp pfundamental changes to lsquobusiness as usualrsquo as a result of covid19 have exposed the need for re…|2020-06-11|2
public debt has risen to unprecedented peacetime levels due to policies put into place to address the economic fallout from covid19 nevertheless as this column reveals the centre for macroeconomics panel was nearly unanimous that the treasury should not …|2020-06-11|2
following are un secretarygeneral antónio guterres remarks to the virtual highlevel meeting on the “impact of rapid technological change on the achievement of the sustainable development goals” in new york today|2020-06-11|2
doctor should we activate the sepsis protocol my medical assistant asked with obvious concern i triaged the patient in question the metrics that had caused alarm at intake were tachycardia and tachypnea but there was no fever or hypotension in this mid…|2020-06-11|0
given the current trends in incidence and underlying healthcare systems vulnerabilities africa could become the next epicenter of the covid19 pandemic as the pandemic transitions to more widespread community transmission how can the lessons learned thus f…|2020-06-11|2
salt lake city  thursday eleven june two thousand and twenty  thousands of reassigned missionaries of the church of jesus christ of latterday saints are heading out to new assignments in their home countries following disruptions due to the coronavirus pandemic|2020-06-11|2
hurlburt field fla – the air force special tactics community is known for looking at complex problems and finding new ways to accomplish the mission when covid19 became a global pandemic it was no exception medical and preservation of the force and fami…|2020-06-11|2
dublin must make an effort to work with the northern executive as lockdown eases|2020-06-11|0
posted by ofx aud  australian dollar the australian dollar was the greatest beneficiary of renewed risk appetite overnight as us equity markets were buoyed by the fomcs dovish monetary policy statement the aud has roundtripped from 06980 to touch 11mon…|2020-06-11|2
persistent terrorist attacks maritime insecurity and rising political tension are just some of the backdrops against which countries of central africa are now battling the covid19 pandemic the senior united nations official in the region told the security …|2020-06-12|2
lockdown policies have been found to be effective in promoting social distancing and slowing down the spread of covid19 yet such measures are often blamed for downturns in the economy this column argues that the lockdowns in the us are in fact efficient i…|2020-06-12|0
all the research you need to know to keep on top of how science is responding to the covid19 pandemic|2020-06-12|2
while the mortality rate for covid191 varies around the world in large part due to variations in testing one trend is clear the infection disproportionately affects the elderly with those over the age of seventyfive making up the bulk of the deaths covid19 out…|2020-06-12|2
john tregoning ponders a staged reopening of his lab on campus|2020-06-12|2
physicists have made a bose–einstein condensate on the international space station plus how healthy blood vessels might protect children from serious effects of covid19 and the hunt for the microbial ‘dark matter that has never been cultured in the lab|2020-06-12|2
beyond its human toll covid19 has wrought upon us a daunting economic toll in a matter of just two weeks in midmarch 2020 entire industries and sectors were brought to an abrupt halt in the uk for instance car manufacturing fell from more than 70000 …|2020-06-12|2
researchers fear that breakthroughs from abroad will be too slow or inequitably shared to benefit the global south|2020-06-12|2
military leaders share their experience in making critical decisions during a time of crisis|2020-06-12|2
consumergoods companies in asian emerging markets are turning to data analytics and digital solutions to realize value in traditional trade|2020-06-12|2
posted by ofx aud  australian dollar the australian dollar plunged through trade on thursday as investors appetite for risk soured prompting a flight to haven assets having touched early morning highs just shy of 070 us cents the aud came under sustained…|2020-06-12|0
the grudging tone emanating from those involved in the talks on government formation and the glacial pace of progress do not auger well for the future of the threeparty coalition struggling to be born the decision of green party deputy leader catherine mart…|2020-06-12|0
to the editor there is a bidirectional relationship between covid19 and diabetes on the one hand diabetes is associated with an increased risk of severe covid19 on the other hand newonset diabetes and severe metabolic complications of preexisting diab…|2020-06-12|2
european philanthropic foundations have an opportunity to step up and address the needs arising from or exacerbated by coronavirus|2020-06-12|0
nan|2020-06-12|2
nan|2020-06-12|2
the socalled digit ratio could be a strong indicator of mens vulnerability to covid19 as it serves as an indicator of testosterone exposure in utero higher testosterone levels in turn are deemed protective due to their effects on the angiotensinconv…|2020-06-13|2
on friday during pride month the trump administration finalized a rule that overturns obamaera protections for transgender people against sex discrimination in health care|2020-06-13|1
principals and deputy principals all around the country are wondering how on earth they are going to reopen their schools at the end of august while everyone is anxious to facilitate a return to faceto face teaching the logistics are challenging meanwhil…|2020-06-13|2
are camera filters obsolete in the age of digital photography cant we just photoshop images not so fast we take a look at four filters you still need in your camera bag subscribe to our youtube channel to get new episodes of dpreview tv every week ul …|2020-06-13|2
a billings business has made a national name for itself after food  wine magazine placed the boutique french bakery le fournil on the list of the one hundred best bakeries in the nation|2020-06-13|2
the european central bank ecb is the central bank of the nineteen european union countries which have adopted the euro our main task is to maintain price stability in the euro area and so preserve the purchasing power of the single currency|2020-06-13|2
the correlation between monetary growth and inflation has an historic pedigree as long as your arm this column argues that rejecting the likelihood of eventually rising velocity following the current massive monetary expansion requires an alternative theor…|2020-06-13|0
a billings business has made a national name of itself after msncom placed the boutique french bakery le fournil on the list of the one hundred best bakeries in the nation|2020-06-13|2
in “how bill gates monopolized global health” i featured parts one and two of investigative journalist james corbetts report on this unelected global health czar part one reviewed how gates ended up in a position to monopolize global health despite his lack of…|2020-06-13|2
following is un secretarygeneral antónio guterres message for the 100day countdown to the international day of peace observed on twentyone september|2020-06-13|0
you have given me your final gift says widow of doctor who first sounded coronavirus alarm|2020-06-13|0
jk rowling had been tweeting warm gushing messages to children who submitted drawings for her new book –“eight how can this have been done by an eightyearold” – when abruptly her twitter feed took a sharp swerve sideways she shared an article about …|2020-06-13|2
st louis aldermen also passed a port authority expansion and jeffrey boyd held up the parking budget in the latest swipe at treasurer tishaura jones|2020-06-13|2
five pike and scott county food pantries received a one gallon bottle of hand sanitizer|2020-06-12|2
richard eden a campaign for a new royal yacht has growing support from politicians and captains of industry there is however one crucial flaw i hear that it does not have the queens backing|2020-06-12|2
the top us infectious disease official dr anthony fauci on friday cautioned that the blips of rising coronavirus hospitalizations being reported by some states could get out of control if robust contact tracing regimes are not put in place|2020-06-12|0
what started as a flurry of statements from coaches two weeks ago in the wake of floyds death has been followed up by much more significant actions by athletes around college sports the paradigm shifts are just beginning|2020-06-12|0
what started as a flurry of statements from coaches two weeks ago in the wake of floyds death has been followed up by much more significant actions by athletes around college sports the paradigm shifts are just beginning|2020-06-12|0
ollibill twentyone protest planned for sunday outside legaults montreal office montreal gazette lililegault fails to secure agreement on covid19 bill critic labels authoritarian ctv news montreal liliits easy to play monday morning quarterback…|2020-06-12|2
discover the best restaurant around the world date updated 20200614 tags restaurants food|2020-06-14|2
a 136page document released wednesday by the virginia department of education provides a glimpse of the challenges school districts need to address to provide an adequate education in the 2020–21 school year while the state has provided a framework its…|2020-06-14|2
making a museum hawks  doves salisbury poisonings the sinner new nurses|2020-06-14|2
new to me consignment boutique in grandin village is under new ownership|2020-06-14|2
the longawaited mast general store will open its doors wednesday|2020-06-14|2
man barely survives covid19 only to be hit with 11 million hospital bill tyler durden sat 06132020  2000 a 70year old seattle man who entered an issaquah washington hospital two months ago is considered the longesthospitalized covid19 patien…|2020-06-14|0
dr mercola interviews the experts this article is part of a weekly series in which dr mercola interviews various experts on a variety of health issues to see more expert interviews click here dr meryl nass is a physician in ellsworth maine who in…|2020-06-14|2
the jury is still out on the benefits of justice by zoom|2020-06-14|2
what will be the political legacy of the covid19 pandemic this column uses data from the 20062018 gallup world polls to show that epidemic exposure during an individuals ‘impressionable years of eighteen to twentyfive has a persistent negative effect on trust in polit…|2020-06-14|2
eglin air force base fla afns — those common vibrating “thwip” helicopter sounds arrived well before they showed up as 413th flight test squadron personnel turned to look to the north at eglin air force base may 19 seconds later two helicopters appea…|2020-06-14|1
the european central bank ecb is the central bank of the nineteen european union countries which have adopted the euro our main task is to maintain price stability in the euro area and so preserve the purchasing power of the single currency|2020-06-14|2
the covid19 pandemic has raised concerns about the future of work the pandemic may become recurrent and necessitate repeated adoptions of social distancing measures creating substantial uncertainty about worker productivity this column presents a theoreti…|2020-06-14|2
dear digikam fans and users just few words to inform the community that 700 release candidate is out and ready to test two month later the third beta release published in april after a covid19 containement stage at home this new version come with more t…|2020-06-14|2
identify any song discover artists lyrics videos  playlists date updated 20200614 tags music lyrics|2020-06-14|2
eight hundred and ten students graduated from the oregon institute of technology on saturday through a virtual ceremony with prerecorded messages from university president dr nagi naganathan us senator jeff|2020-06-14|2
this project is made for educational purposes you learn how to add styles design ui use material design and much more|2020-06-14|2
the ongoing covid19 pandemic has led to a massive increase in the demand for essential medical equipment this column discusses recent findings on the role of international trade of essential medical goods in exacerbating or mitigating the impact of a pandem…|2020-06-14|0
business editors notebook dont call it a comeback whatever it is the union leader|2020-06-14|0
tom bower it pains me to say this but boris johnson exhausted and looking increasingly forlorn appears to have a few short weeks to salvage his reputation from ridicule|2020-06-13|0
world number one novak djokovic lost one of his two opening singles matches on saturday at the charity tournament he organized and his day got worse when news broke that one of the events four legs has been scrapped due to coronavirus concerns|2020-06-13|0
nan|2020-06-15|2
in the past ive written extensively about the differences between dairy from cows raised in concentrated animal feeding operations cafos and those that are grass fed and raised in a more natural manner many of the health and environmental benefits associ…|2020-06-15|2
in this article i show you how to track live status of covid19 country wise as well as worldwide|2020-06-15|2
following are un secretarygeneral antónio guterres remarks at the united nations global compact leaders summit in new york today|2020-06-15|2
the worst is over hopefully we will never again see such a terrible death toll from an infectious disease in ireland the response of the public north and south has been fantastic when it comes to safeguarding health the public has always proven to be m…|2020-06-15|1
a hot new trading idea did the rounds this week the worst is over for us oil and gas stocks some people took it so seriously they went hunting for the ugliest oil stocks they could find sparking a stunning rally in stocks of nearly|2020-06-15|1
parents children and teachers are reporting mixed experiences with how the return to inclass learning has gone so far one thing most can agree on is that its been a teachable moment for everyone with hints of what may come this fall|2020-06-15|2
how will sponsored refugees face the challenges of covid19 in the face of physical distancing and rebordering that the pandemic brings with it|2020-06-15|0
upper township — the historic tuckahoe inn overlooking great egg harbor bay is in a better position for outside dining than many other shore restaurants with multiple tables overlooking the|2020-06-15|2
a tool that quantifies global happiness on social media recorded an unprecedented dip in mood starting in may|2020-06-15|2
data and technology can help clarify customer behavior at the earliest stages of the decision journey herersquos how|2020-06-15|1
do you remember your first flight the first time you fell in love with a new city we do|2020-06-15|2
if there is one voice that has permeated lockdown its joe duffys liveline is of course an irish institution but like many things it has taken on an elevated meaning during the pandemic its hearthlike ability to form a space where people can gather arou…|2020-06-15|0
the international atomic energy agency iaea launched the zodiac project to strengthen global preparedness for future pandemics by establishing a network to help with monitoring surveillance early detection and control of animal and zoonotic diseases such …|2020-06-15|0
googles official digital marketing publication discover three immediate strategies brands can take to make the industry more equitable|2020-06-15|2
the covid19 pandemic has resulted in school closures and distancing requirements that have disrupted both work and family life for many concerns exist that these disruptions caused by the pandemic may not have influenced men and women researchers equally m…|2020-06-15|2
how can european companies best prevent measures intended to control the covid19 pandemic from also undermining data privacy and security|2020-06-15|2
the world views the conflict in syria as one between a dictatorial regime and extremist factions turning a blind eye to the thousands of nonviolent activists who are detained and accused of being terrorists simply because they reject injustice and belong to…|2020-06-16|2
counteracting innate immunity is essential for successful viral replication host cyclophilins cyps have been implicated in viral evasion of host antiviral responses although the mechanisms are still unclear here we show that hepatitis c virus hcv coo…|2020-06-16|0
psychiatrist dixon chibanda trains teams of grandmothers to provide openair counselling sessions in zimbabwe|2020-06-16|2
hes overcome many setbacks to restart a racing career that once brought him close to formula one world championship glory now robert kubica has been stuck at home during what should have been his busiest season ever  but as he explains to stuart codling he…|2020-06-16|2
standby agreements for major capital projects can help preserve relationships as well as shore up suppliersrsquo and contractorsrsquo solvency during construction standstills|2020-06-16|1
small and mediumsize enterprises are the lifeblood of the uk economy they are increasingly worried about the countryrsquos weak economic outlook|2020-06-16|2
as lockdowns begin to loosen resources need to be directed with care to aide european economic recovery post covid19|2020-06-16|2
a new epidemiological study shows reduced susceptibility to sarscov2 and decreased risk of developing severe symptoms in people aged younger than twenty years suggesting that children have limited contribution to spread of covid19|2020-06-16|2
nan|2020-06-16|2
the merchant seamen who keep the world warmed and fed are trapped in floating prisons|2020-06-16|2
but some couples are finding ways to say “i do”|2020-06-16|0
as the world emerges from lockdown due to the pandemic many peculiarities exist that have led a growing number of people to question whether the pandemic is real or orchestrated in some way and if the latter is true toward what end many are not aware that…|2020-06-16|2
the magnitude of the covidinduced economic downturn is forcing central banks around the world to rethink the set of monetary policy tools available to them many central banks have long shied away from negative interest rates concerned about the impact on b…|2020-06-16|2
the us centers for disease control and preventions provisional death counts for covid19 show a striking change while starting at zero in february two thousand and twenty and spiking up to more than 5000 deaths per week for the oldest age range 85 and over and one hundred and eleven among …|2020-06-16|2
as policy attention in countries around europe shifts to mitigating the longerrun impacts of the covid19 pandemic a central concern will be to prevent this oneoff event from permanently blighting the life chances of the millions of children who missed wee…|2020-06-16|2
the orem city council will vote tuesday on the 202021 fiscal year budget since the first drafts of the budget few things have changed|2020-06-16|2
posted by ofx aud  australian dollar the australian dollar rallied overnight having slipped back below 068 us cents throughout the domestic session risk assets suffered early as investors grappled with reports out of the us and beijing citing new coronavir…|2020-06-16|2
chinese authorities have finally admitted sarscov2 did not originate in a wuhan wet market1 but thats about as far as weve gotten to getting an official answer to the question about where the virus came from many valid questions are being raised and ha…|2020-06-16|0
enforced social distancing and lockdown measures to contain covid19 restrict economic activity especially among workers in nonessential jobs who cannot ‘telework these have implications for inequality and poverty this column analyses the capacity of ind…|2020-06-16|0
recent academic discussions have sought to understand whether the economic impact of the covid19 crisis and associated lockdown should be ascribed to demand or supply shocks this debate is of some importance since the underlying shock can have significant i…|2020-06-17|0
houstons fourth of july event sees changes and other area business and community news community impact newspaper|2020-06-17|0
bogus remedies myths and fake news about covid19 can cost lives heres how some scientists are fighting back|2020-06-17|2
this started as a column about weight loss through the noom app and how it relates to writing but i kept thinking about the cops killing innocent people column by christoph paul original images via andrea piacquadio  rosemary ketchum i pitched this b…|2020-06-17|1
on fifteen april 2020 who received information regarding a confirmed case of yellow fever in magandi village tchibanga city in nyanga province of southern gabon five hundred and ninety km from the capital libreville the case is an 83yearold male with no known vaccination histo…|2020-06-17|2
dexamethasone “will clearly have a massive global impact” plus the supereruption that once rocked yellowstone|2020-06-17|2
following are un secretarygeneral antónio guterres remarks to the china‑africa summit on solidarity against covid19 in new york today|2020-06-17|2
jeff sonnenfeld discusses ceo responses to the covid crisis read the full article on chief executive here|2020-06-17|2
a new breed of researcher is turning to computation to understand society — and then change it|2020-06-17|2
in the first video of the update series marie gulinmerle talks to jerry dischler about the state of the digital ad industry in the wake of covid19|2020-06-17|2
bloomberg  chile the top salmon shipper after norway is battling to persuade china to resume purchases after authorities in the asian nation traced a covid19 outbreak to a chopping board used by a seller of imported fishofficials in chile have invited…|2020-06-17|2
cameroonborn ireland prop says irish society needs to be more willing to learn about others|2020-06-17|0
the update to australias employment report may influence audusd as the economy is expected to shed 125k job in may|2020-06-17|2
cameroonborn ireland prop says irish society needs to be more willing to learn about others|2020-06-17|0
andrew robinson reviews five of the weeks best science picks|2020-06-17|2
the general assembly elected volkan bozkir turkey as president of its seventyfifth session and filled vacancies on the security council and economic and social council with member states voting at united nations headquarters on seventeen and eighteen june in line wit…|2020-06-17|2
googles official digital marketing publication in the latest update video panera bread shares radical changes  common responses during coronavirus|2020-06-17|0
vesicles secreted by stem cells might give clinicians a safer and simpler alternative to cell therapy but researchers are still grappling with how best to prepare and study these tiny particles|2020-06-17|2
a yellow fluorescent sensor to study the brain and the joy and pain of climbing|2020-06-18|2
a cohort of asymptomatic patients infected with sarscov2 had significantly lower levels of virusspecific igg antibodies compared to a cohort of age and sexmatched symptomatic infected patients|2020-06-18|0
ropensci hq the ropensci team together with ten expert community members put together a post when field or lab work is not an option  leveraging open data resources for remote research we highlighted examples of how specific collections of packages are b…|2020-06-18|2
the aim of this study is to assess the prevalence of abnormal urine analysis and kidney dysfunction in covid19 patients and to determine the association of acute kidney injury aki with the severity and prognosis of covid19 patients the electronic databas…|2020-06-18|2
posted by mrlukecarthycovid19 has switched up life as we know it and its unlikely to stop doing so for some time ecommerce shopping is a perfect example of how things have changed and in a number of ways if you feel like shopify has been dropping huge…|2020-06-18|2
nan|2020-06-18|2
forced displacement is now affecting more than one percent of humanity or one in ninetyseven people and fewer of those who flee are able to return home according to a report issued today by the united nations high commissioner for refugees|2020-06-18|1
richard horton skewers leaders in two of the richest most powerful and scientifically advanced countries for getting it so wrong|2020-06-18|0
some governments assert that global value chains create economic vulnerabilities in times of a pandemic this column taken from a recent vox ebook examines recent experiences and the riskmanagement literature it concludes that it is a mistake to equate se…|2020-06-18|0
the swedish policy response to covid19 is exceptional by international comparison this column explains how the approach is decided by three articles in the swedish constitution the first guarantees the freedom of movement for swedish citizens ruling out n…|2020-06-18|2
how an already difficult situation for refugees in terms of integration and health can become an explosive humanitarian tragedy|2020-06-18|2
fear is a primal biological response to a perceived threat to our survival fear triggers momentary paralysis and then a fight or flight reaction before the brain can rationally analyze and calibrate our response to a perceived threat1 right now people aro…|2020-06-18|2
best buys former chairman and ceo reflects on a businesss reason for being by defining it around purpose and humanity the link to competitive advantage and managing shareholders and stakeholders during a crisis and beyond|2020-06-18|2
digital ma is challenging—and often a necessity for digital transformation sophisticated acquirers boost their odds by addressing the pain points that undermine outperformance|2020-06-18|2
eu sustainable energy week|2020-06-18|2
sse enterprise telecoms one of the uks leading connectivity providers today announces its role in working with long term partner nynet to support infrastructure development of an nhs extended access hub in north shields tyne and wear in the north east of …|2020-06-18|0
it has played a bad hand badly|2020-06-18|2
the covid19 pandemic has induced a deep global economic crisis while so far banks have shown their resilience partly thanks to major reforms after the crisis of 20072009 the crisis will put them under stress moreover the traditional banking model was a…|2020-06-18|2
intriguing fossil eggs challenge longheld tenets of reproductive evolution a recordbreaking heatwave in siberia and us coronavirus complacency worries scientists|2020-06-18|0
posted by ofx aud  australian dollar the australian dollar drifted lower through trade on thursday following a larger than anticipated up tick in unemployment and a consolidated shift in risk demand the australian dollar fell to 06843 after labour market d…|2020-06-19|0
results from the inaugural study will reveal crucial information about the deepest worries hopes and triumphs of postdocs around the world|2020-06-19|2
ea showed off a much longer look at star wars squadrons during its ea play presentation including our first look at gameplay the dogfighting game looks to be a modernization of the classic xwing and tie fighter series in an interview with gamespot as par…|2020-06-19|1
winning a mandate from their members to go into government is just the first hurdle facing the leaders of the three potential coalition parties they will each have to raise their game by a considerable measure to have any chance of surviving the inevitable s…|2020-06-19|0
during the covid19 pandemic and the related economic fallout the response of the stock markets has raised concerns as well as questions this column explores the surprising trends there is some evidence that shareholders have favoured the less vulnerable f…|2020-06-19|2
chickfila closes after employees test positive and more business community news from houston area community impact newspaper|2020-06-19|0
heart disease can include several problems related to the heart and blood vessels many of which are related to atherosclerosis a buildup of plaque in the walls of the arteries makes it difficult for blood flow which can lead to a heart attack or stroke in…|2020-06-19|2
the givingtech transaction export api uses web services to export data about donors and donation details in json format use it to export data to external crms including salesforce and others date updated 20200619 tags nonprofit funding|2020-06-19|2
the bike index api v3 enables users to search for bikes on a registry with the aim to recover stolen bicycles api methods are available to get users manage bike operations manufacturers and search for bikes by front gear types handlebar types frame mate…|2020-06-19|2
they have an idea for a new experiment now says jeremy grabbe|2020-06-19|2
hear the latest science from the coronavirus pandemic|2020-06-19|0
speech by commissioner simson at the global hydrogen forum two thousand and twenty  20192024|2020-06-19|2
what makes grief loss and change so challenging is the difficulty we have experiencing and expressing unpleasant feelings the covid19 pandemic economic downtown and related challenges have brought these feelings into the workplace as an employee it ca…|2020-06-19|2
covid19 is an infection induced by the sarscov2 coronavirus and severe forms can lead to acute respiratory distress syndrome ards requiring intensive care unit icu management severe forms are associated with coagulation changes mainly characterized …|2020-06-19|2
different countries and cities have different rates of covid exposure but what can explain the difference in incidence between neighbourhoods new york residents milena almagro and angelo oranehutchinson tell tim phillips what made the difference in their c…|2020-06-19|2
following are un secretarygeneral antónio guterres remarks on the policy brief “covid19 and the world of work” in new york today|2020-06-19|2
the bluestream health api enables you with the ability to integrate the bluestream health virtual care platform into applications it allows you to manage branded bluestream instances and embed bluestream technology to retrieve data in real time this api pro…|2020-06-19|2
not impressed with the lack of preparation ahead of the lions two thousand and seventeen tour of nz warren gatland is asking the premiership for help|2020-06-19|1
im fighting for my future im fighting for my safety im fighting for the people who come after me there were bathrooms in the building but the protesters werent allowed to use them…|2020-06-19|0
tony holohan declaring that eating a packet of peanuts with your pint does not make it a meal was the moment we hit peak 2020 the most surreal interlude yet in a year where even the quieter days have run the gamut from inconceivable to untenable ever since…|2020-06-20|2
aberdeen proving ground md – a chemical and biological decontamination solution improved through testing and evaluation by the combat capabilities development command ccdc chemical biological center has been identified by the defense threat reduction agenc…|2020-06-20|2
despite the growing importance of services in output and trade there has been relatively little information on how services policies have evolved over the past decades this column presents evidence on services trade policies from a new database created by t…|2020-06-20|2
tulsa okla ap — the oklahoma supreme court on friday rejected a request to require everyone attending president donald trumps rally in tulsa this weekend to wear a face mask and maintain social distancing inside the arena to guard against the spread of t…|2020-06-20|1
the covid19 crisis is depressing growth globally and lockdown measures are causing widespread job losses this column illustrates that women are amongst the worst affected women are vulnerable not only because of their jobs but also because of gender ineq…|2020-06-20|0
interview mp says her party must escape its mythology be tough on china and unite voters|2020-06-20|2
a handful of geishas now offer their traditional arts in the most modern of formats – zoom calls|2020-06-20|2
the grim impact of covid19 – extensive financial dislocations across asset classes and potentially large increases in morbidity and mortality – could pose a challenge to the insurance industry particularly life insurers this column urges central banks look…|2020-06-20|2
英国经济学家杂志文章，“英国处处错错错”。 选民选错了政府。投票时，为什么只听忽悠，只看重约翰逊的娱乐能力，而不分析他的执政能力？ 细节管理的能力比忽悠更加重要。 when choosing a person or party to vote for do not underestimate the importance of ordinary decent competence 摘要： （1）疫情来了，政府不当回事， （2）政府科学家的建议错了， （3）医疗采供系統 public health engla…|2020-06-19|1
amanda kloots previously asked for prayers that her husbands blood pressure would get under control|2020-06-19|2
fivetime pga tour winner nick watney tested positive friday for the coronavirus the first player with a confirmed infection since golf resumed a full schedule last week watney immediately withdrew from the rbc heritage and must selfisolate for at least 10…|2020-06-19|2
fivetime pga tour winner nick watney tested positive friday for the coronavirus the first player with a confirmed infection since golf resumed a full schedule last week watney immediately withdrew from the rbc heritage and must selfisolate for at least 10…|2020-06-19|2
as cases in the state of california hit a new record los angles countys numbers fell on thursday from countys own recent record highs on friday the county announced it had recorded 1414 new cases for thursday that was down from a record 2126 new cases …|2020-06-19|2
as cases in the state of california hit a new record los angles countys numbers fell on thursday from countys own recent record highs on friday the county announced it had recorded 1414 new cases for thursday that was down from a record 2126 new cases …|2020-06-19|2
soccer has taken manheim township alum jaclyn poucel from neffsville to a college career at the university of pittsburgh to a pro career in finland iceland and scotland|2020-06-19|0
soccer has taken manheim township alum jaclyn poucel árnason from neffsville to a college career at the university of pittsburgh to a pro career in finland iceland and scotland|2020-06-19|0
as cases in the state of california hit a new record los angles countys numbers fell on thursday from countys own recent record highs on friday the county announced it had recorded 1414 new cases for thursday that was down from a record 2126 new cases …|2020-06-19|2
the districts of kalaburagi and udupi have reported more than 1000 covid19 cases each but seen eleven and two deaths respectively|2020-06-19|2
the united states has the most covid19 deaths it also has widely varying views on the threat|2020-06-19|2
troubling spikes in coronavirus infection rates were reported on friday in several us states mainly in the south and west a day before president donald trump was due to preside over an oklahoma campaign rally that will be americas largest indoor gatherin…|2020-06-19|0
businesses responding to the third statewide covid19 wisconsin business impact survey continue to demonstrate their resilience with fortyone percent of respondents introducing or expanding online services over the last three|2020-06-21|2
it was early september last year and roy keane was in dublin with gary neville for a gig at the bord gáis energy theatre talking about their manchester united glory years|2020-06-21|1
this story will update throughout saturday as the tulsa world covers president trumps rally in tulsa watch live president trump rally in tulsawatch now trump supporters and protesters meet outside the trump rally in tulsagallery the scenes before preside…|2020-06-21|2
nearly two weeks after tropical storm cristobal forced high waters to move into our states coastal areas from lower terrebonne areas east to plaquemines st bernard and eastern orleans parishes it appears fishing has returned to near normal catches then…|2020-06-21|0
the global weakness index gwi is a realtime measure of how weak the global economy is this column uses gwi to assess the repercussions of the coronavirus covid19 crisis in real time it finds that after the release of certain soft indicators on two marc…|2020-06-21|2
this story will update throughout saturday as the tulsa world covers president trumps rally in tulsa watch live president trump rally in tulsawatch now trump supporters and protesters meet outside the trump rally in tulsagallery the scenes before preside…|2020-06-21|2
dr mercola interviews the experts this article is part of a weekly series in which dr mercola interviews various experts on a variety of health issues to see more expert interviews click here in this interview i interview three vitamin d experts ab…|2020-06-21|2
the labour ministry has approved thousands of labourers to go to work in taiwan as the covid19 pandemic subsides|2020-06-21|2
this story will update throughout saturday as the tulsa world covers president trumps rally in tulsa watch live president trump rally in tulsawatch now trump supporters and protesters meet outside the trump rally in tulsagallery the scenes before preside…|2020-06-21|2
the effectiveness of female leaders in handling the covid crisis has received a lot of media attention this column examines whether the gender of the national leader truly makes a significant difference to the number of covid19 cases and deaths in the first…|2020-06-21|2
business editors notebook its hard to lobby legislators when you cant meet them at the state house the union leader|2020-06-21|2
bit parts and big waits fathers have limited time with partners in leadup to new arrivals|2020-06-21|2
rtés comic relief eve hewson in the luminaries and will ferrells eurovision spoof|2020-06-21|1
you can now buy this bankrupt cruise ship at auction tyler durden sat 06202020  2000 travel and tourism have been some of the hardesthit sectors by covid19 the pandemic has been a massive blow to the cruise ship industry with operators shipow…|2020-06-21|2
tiz the law richly lived up to his favorites billing sweeping to victory in the belmont stakes on saturday to launch a topsyturvy triple crown year trained by 82yearold barclay tagg and ridden by manny franco tiz the law became the first new yorkbred …|2020-06-20|2
a major marvel scheduling clash at sydneys fox studios could push the alreadypostponed thor love and thunder film release date even further back according to courier mail|2020-06-20|2
lsu has begun asking a number of football players to selfquarantine in the past week because of instances in which some players tested positive for covid19 after social interactions outside of the tigers training facility “we havent seen anything even cl…|2020-06-20|2
webb simpson practically had to apologize for a 3under 68 in which he managed just one birdie on the back nine he was part of a fourway tie for the lead and that was good enough for him|2020-06-20|2
president trump is making his return to the campaign trail on saturday with one of his trademarks rallies in tulsa okla where thousands have streamed into the bok center  amid protests outside and lingering controversy over the potential coronavirus risk|2020-06-20|2
lsu official football player quarantines were anticipated|2020-06-20|2
the workings of the human immune system are fascinating and especially important during the coronavirus outbreak while the immune systems armamentarium of stem cells helper t cells cytotoxic t cells and other fighters is impressive so is the armamentariu…|2020-06-22|0
the following statement was issued today by the spokesman for un secretarygeneral antónio guterres|2020-06-22|0
an antibody that neutralizes sarscov2|2020-06-22|2
groovy rna polymerase|2020-06-22|2
the security council in a twentytwo june videoconference meeting extended the mandate of the united nations assistance mission in somalia unsom until thirtyone august|2020-06-22|1
wind tres ceo jeffrey hedberg says he expects the company to have launched 5g networks in around ten regional capitals by the end of this year despite market disruption resulting from covid…read more on totaltelecom »|2020-06-22|2
at the beginning of the covid19 pandemic it was hoped that warm weather and younger populations would shield many developing countries from the virus this hope has not been in realised infected cases in africa south asia and latin america are still growi…|2020-06-22|2
the virus can damage lung liver and kidney tissue grown in the lab which might explain some severe covid19 complications in people|2020-06-22|2
an antibody that neutralizes sarscov2|2020-06-22|2
over the turbulent past decade many legacy software players proved to be remarkably resilient now they must adopt a new strategic playbook to weather the different challenges ahead|2020-06-22|2
long after the covid19 pandemic is over we may continue to be affected by its residue of ultrasophisticated technologies of biosurveillance|2020-06-22|2
hancock whitney helps provide billions in funds to local gulf south businesses impacted by pandemic the advocate|2020-06-22|2
